{"arrow": [133.17881944444372, 18.612847222221596, 26.91145833333445], "digit": [29.38015463917499, 22.479381443298763, 31.20489690721647], "operator": [80.37734311328437, 72.40505297473553, 99.81988590057185]}